<Anims>
 <anim name="idle" root="rushound_doghouse" numframes="1000" framerate="40">
  <frame idx="0" w="480" h="599" x="8.000000" y="-84.500000">
   <element name="doghouse" layername="tes" frame="0" z_index="5" m_a="1.000000" m_b="0.000000" m_c="0.000000" m_d="1.000000" m_tx="-214.000000" m_ty="-314.000000"/>
  </frame>
  <frame idx="25" w="480" h="599" x="8.000000" y="-84.500000">
   <element name="doghouse" layername="tes" frame="0" z_index="5" m_a="1.000000" m_b="0.000000" m_c="0.000000" m_d="1.000000" m_tx="-214.000000" m_ty="-314.000000"/>
  </frame>
  <frame idx="50" w="480" h="599" x="8.000000" y="-84.500000">
   <element name="doghouse" layername="tes" frame="0" z_index="5" m_a="1.000000" m_b="0.000000" m_c="0.000000" m_d="1.000000" m_tx="-214.000000" m_ty="-314.000000"/>
  </frame>
  <frame idx="75" w="480" h="599" x="8.000000" y="-84.500000">
   <element name="doghouse" layername="tes" frame="0" z_index="5" m_a="1.000000" m_b="0.000000" m_c="0.000000" m_d="1.000000" m_tx="-214.000000" m_ty="-314.000000"/>
  </frame>
  <frame idx="100" w="480" h="599" x="8.000000" y="-84.500000">
   <element name="doghouse" layername="tes" frame="0" z_index="5" m_a="1.000000" m_b="0.000000" m_c="0.000000" m_d="1.000000" m_tx="-214.000000" m_ty="-314.000000"/>
  </frame>
  <frame idx="125" w="480" h="599" x="8.000000" y="-84.500000">
   <element name="doghouse" layername="tes" frame="0" z_index="5" m_a="1.000000" m_b="0.000000" m_c="0.000000" m_d="1.000000" m_tx="-214.000000" m_ty="-314.000000"/>
  </frame>
  <frame idx="150" w="480" h="599" x="8.000000" y="-84.500000">
   <element name="doghouse" layername="tes" frame="0" z_index="5" m_a="1.000000" m_b="0.000000" m_c="0.000000" m_d="1.000000" m_tx="-214.000000" m_ty="-314.000000"/>
  </frame>
  <frame idx="175" w="480" h="599" x="8.000000" y="-84.500000">
   <element name="doghouse" layername="tes" frame="0" z_index="5" m_a="1.000000" m_b="0.000000" m_c="0.000000" m_d="1.000000" m_tx="-214.000000" m_ty="-314.000000"/>
  </frame>
  <frame idx="200" w="480" h="599" x="8.000000" y="-84.500000">
   <element name="doghouse" layername="tes" frame="0" z_index="5" m_a="1.000000" m_b="0.000000" m_c="0.000000" m_d="1.000000" m_tx="-214.000000" m_ty="-314.000000"/>
  </frame>
  <frame idx="225" w="480" h="599" x="8.000000" y="-84.500000">
   <element name="doghouse" layername="tes" frame="0" z_index="5" m_a="1.000000" m_b="0.000000" m_c="0.000000" m_d="1.000000" m_tx="-214.000000" m_ty="-314.000000"/>
  </frame>
  <frame idx="250" w="480" h="599" x="8.000000" y="-84.500000">
   <element name="doghouse" layername="tes" frame="0" z_index="5" m_a="1.000000" m_b="0.000000" m_c="0.000000" m_d="1.000000" m_tx="-214.000000" m_ty="-314.000000"/>
  </frame>
  <frame idx="275" w="480" h="599" x="8.000000" y="-84.500000">
   <element name="doghouse" layername="tes" frame="0" z_index="5" m_a="1.000000" m_b="0.000000" m_c="0.000000" m_d="1.000000" m_tx="-214.000000" m_ty="-314.000000"/>
  </frame>
  <frame idx="300" w="480" h="599" x="8.000000" y="-84.500000">
   <element name="doghouse" layername="tes" frame="0" z_index="5" m_a="1.000000" m_b="0.000000" m_c="0.000000" m_d="1.000000" m_tx="-214.000000" m_ty="-314.000000"/>
  </frame>
  <frame idx="325" w="480" h="599" x="8.000000" y="-84.500000">
   <element name="doghouse" layername="tes" frame="0" z_index="5" m_a="1.000000" m_b="0.000000" m_c="0.000000" m_d="1.000000" m_tx="-214.000000" m_ty="-314.000000"/>
  </frame>
  <frame idx="350" w="480" h="599" x="8.000000" y="-84.500000">
   <element name="doghouse" layername="tes" frame="0" z_index="5" m_a="1.000000" m_b="0.000000" m_c="0.000000" m_d="1.000000" m_tx="-214.000000" m_ty="-314.000000"/>
  </frame>
  <frame idx="375" w="480" h="599" x="8.000000" y="-84.500000">
   <element name="doghouse" layername="tes" frame="0" z_index="5" m_a="1.000000" m_b="0.000000" m_c="0.000000" m_d="1.000000" m_tx="-214.000000" m_ty="-314.000000"/>
  </frame>
  <frame idx="400" w="480" h="599" x="8.000000" y="-84.500000">
   <element name="doghouse" layername="tes" frame="0" z_index="5" m_a="1.000000" m_b="0.000000" m_c="0.000000" m_d="1.000000" m_tx="-214.000000" m_ty="-314.000000"/>
  </frame>
  <frame idx="425" w="480" h="599" x="8.000000" y="-84.500000">
   <element name="doghouse" layername="tes" frame="0" z_index="5" m_a="1.000000" m_b="0.000000" m_c="0.000000" m_d="1.000000" m_tx="-214.000000" m_ty="-314.000000"/>
  </frame>
  <frame idx="450" w="480" h="599" x="8.000000" y="-84.500000">
   <element name="doghouse" layername="tes" frame="0" z_index="5" m_a="1.000000" m_b="0.000000" m_c="0.000000" m_d="1.000000" m_tx="-214.000000" m_ty="-314.000000"/>
  </frame>
  <frame idx="475" w="480" h="599" x="8.000000" y="-84.500000">
   <element name="doghouse" layername="tes" frame="0" z_index="5" m_a="1.000000" m_b="0.000000" m_c="0.000000" m_d="1.000000" m_tx="-214.000000" m_ty="-314.000000"/>
  </frame>
  <frame idx="500" w="480" h="599" x="8.000000" y="-84.500000">
   <element name="doghouse" layername="tes" frame="0" z_index="5" m_a="1.000000" m_b="0.000000" m_c="0.000000" m_d="1.000000" m_tx="-214.000000" m_ty="-314.000000"/>
  </frame>
  <frame idx="525" w="480" h="599" x="8.000000" y="-84.500000">
   <element name="doghouse" layername="tes" frame="0" z_index="5" m_a="1.000000" m_b="0.000000" m_c="0.000000" m_d="1.000000" m_tx="-214.000000" m_ty="-314.000000"/>
  </frame>
  <frame idx="550" w="480" h="599" x="8.000000" y="-84.500000">
   <element name="doghouse" layername="tes" frame="0" z_index="5" m_a="1.000000" m_b="0.000000" m_c="0.000000" m_d="1.000000" m_tx="-214.000000" m_ty="-314.000000"/>
  </frame>
  <frame idx="575" w="480" h="599" x="8.000000" y="-84.500000">
   <element name="doghouse" layername="tes" frame="0" z_index="5" m_a="1.000000" m_b="0.000000" m_c="0.000000" m_d="1.000000" m_tx="-214.000000" m_ty="-314.000000"/>
  </frame>
  <frame idx="600" w="480" h="599" x="8.000000" y="-84.500000">
   <element name="doghouse" layername="tes" frame="0" z_index="5" m_a="1.000000" m_b="0.000000" m_c="0.000000" m_d="1.000000" m_tx="-214.000000" m_ty="-314.000000"/>
  </frame>
  <frame idx="625" w="480" h="599" x="8.000000" y="-84.500000">
   <element name="doghouse" layername="tes" frame="0" z_index="5" m_a="1.000000" m_b="0.000000" m_c="0.000000" m_d="1.000000" m_tx="-214.000000" m_ty="-314.000000"/>
  </frame>
  <frame idx="650" w="480" h="599" x="8.000000" y="-84.500000">
   <element name="doghouse" layername="tes" frame="0" z_index="5" m_a="1.000000" m_b="0.000000" m_c="0.000000" m_d="1.000000" m_tx="-214.000000" m_ty="-314.000000"/>
  </frame>
  <frame idx="675" w="480" h="599" x="8.000000" y="-84.500000">
   <element name="doghouse" layername="tes" frame="0" z_index="5" m_a="1.000000" m_b="0.000000" m_c="0.000000" m_d="1.000000" m_tx="-214.000000" m_ty="-314.000000"/>
  </frame>
  <frame idx="700" w="480" h="599" x="8.000000" y="-84.500000">
   <element name="doghouse" layername="tes" frame="0" z_index="5" m_a="1.000000" m_b="0.000000" m_c="0.000000" m_d="1.000000" m_tx="-214.000000" m_ty="-314.000000"/>
  </frame>
  <frame idx="725" w="480" h="599" x="8.000000" y="-84.500000">
   <element name="doghouse" layername="tes" frame="0" z_index="5" m_a="1.000000" m_b="0.000000" m_c="0.000000" m_d="1.000000" m_tx="-214.000000" m_ty="-314.000000"/>
  </frame>
  <frame idx="750" w="480" h="599" x="8.000000" y="-84.500000">
   <element name="doghouse" layername="tes" frame="0" z_index="5" m_a="1.000000" m_b="0.000000" m_c="0.000000" m_d="1.000000" m_tx="-214.000000" m_ty="-314.000000"/>
  </frame>
  <frame idx="775" w="480" h="599" x="8.000000" y="-84.500000">
   <element name="doghouse" layername="tes" frame="0" z_index="5" m_a="1.000000" m_b="0.000000" m_c="0.000000" m_d="1.000000" m_tx="-214.000000" m_ty="-314.000000"/>
  </frame>
  <frame idx="800" w="480" h="599" x="8.000000" y="-84.500000">
   <element name="doghouse" layername="tes" frame="0" z_index="5" m_a="1.000000" m_b="0.000000" m_c="0.000000" m_d="1.000000" m_tx="-214.000000" m_ty="-314.000000"/>
  </frame>
  <frame idx="825" w="480" h="599" x="8.000000" y="-84.500000">
   <element name="doghouse" layername="tes" frame="0" z_index="5" m_a="1.000000" m_b="0.000000" m_c="0.000000" m_d="1.000000" m_tx="-214.000000" m_ty="-314.000000"/>
  </frame>
  <frame idx="850" w="480" h="599" x="8.000000" y="-84.500000">
   <element name="doghouse" layername="tes" frame="0" z_index="5" m_a="1.000000" m_b="0.000000" m_c="0.000000" m_d="1.000000" m_tx="-214.000000" m_ty="-314.000000"/>
  </frame>
  <frame idx="875" w="480" h="599" x="8.000000" y="-84.500000">
   <element name="doghouse" layername="tes" frame="0" z_index="5" m_a="1.000000" m_b="0.000000" m_c="0.000000" m_d="1.000000" m_tx="-214.000000" m_ty="-314.000000"/>
  </frame>
  <frame idx="900" w="480" h="599" x="8.000000" y="-84.500000">
   <element name="doghouse" layername="tes" frame="0" z_index="5" m_a="1.000000" m_b="0.000000" m_c="0.000000" m_d="1.000000" m_tx="-214.000000" m_ty="-314.000000"/>
  </frame>
  <frame idx="925" w="480" h="599" x="8.000000" y="-84.500000">
   <element name="doghouse" layername="tes" frame="0" z_index="5" m_a="1.000000" m_b="0.000000" m_c="0.000000" m_d="1.000000" m_tx="-214.000000" m_ty="-314.000000"/>
  </frame>
  <frame idx="950" w="480" h="599" x="8.000000" y="-84.500000">
   <element name="doghouse" layername="tes" frame="0" z_index="5" m_a="1.000000" m_b="0.000000" m_c="0.000000" m_d="1.000000" m_tx="-214.000000" m_ty="-314.000000"/>
  </frame>
  <frame idx="975" w="480" h="599" x="8.000000" y="-84.500000">
   <element name="doghouse" layername="tes" frame="0" z_index="5" m_a="1.000000" m_b="0.000000" m_c="0.000000" m_d="1.000000" m_tx="-214.000000" m_ty="-314.000000"/>
  </frame>
 </anim>
 <anim name="hit" root="rushound_doghouse" numframes="300" framerate="40">
  <frame idx="0" w="486" h="599" x="3.000000" y="-84.500000">
   <element name="doghouse" layername="tes" frame="0" z_index="5" m_a="1.000000" m_b="0.000000" m_c="0.000000" m_d="1.000000" m_tx="-219.000000" m_ty="-314.000000"/>
  </frame>
  <frame idx="25" w="486" h="457" x="3.000000" y="-41.375000">
   <element name="doghouse" layername="tes" frame="0" z_index="5" m_a="1.000000" m_b="0.000000" m_c="0.000000" m_d="0.812500" m_tx="-219.000000" m_ty="-227.843750"/>
  </frame>
  <frame idx="50" w="486" h="440" x="3.000000" y="-36.583359">
   <element name="doghouse" layername="tes" frame="0" z_index="5" m_a="1.000000" m_b="0.000000" m_c="0.000000" m_d="0.791667" m_tx="-219.000000" m_ty="-218.270844"/>
  </frame>
  <frame idx="75" w="486" h="457" x="3.000000" y="-41.375000">
   <element name="doghouse" layername="tes" frame="0" z_index="5" m_a="1.000000" m_b="0.000000" m_c="0.000000" m_d="0.812500" m_tx="-219.000000" m_ty="-227.843750"/>
  </frame>
  <frame idx="100" w="486" h="472" x="3.000000" y="-46.166687">
   <element name="doghouse" layername="tes" frame="0" z_index="5" m_a="1.000000" m_b="0.000000" m_c="0.000000" m_d="0.833333" m_tx="-219.000000" m_ty="-237.416672"/>
  </frame>
  <frame idx="125" w="486" h="489" x="3.000000" y="-50.958359">
   <element name="doghouse" layername="tes" frame="0" z_index="5" m_a="1.000000" m_b="0.000000" m_c="0.000000" m_d="0.854167" m_tx="-219.000000" m_ty="-246.989594"/>
  </frame>
  <frame idx="150" w="486" h="504" x="3.000000" y="-55.750000">
   <element name="doghouse" layername="tes" frame="0" z_index="5" m_a="1.000000" m_b="0.000000" m_c="0.000000" m_d="0.875000" m_tx="-219.000000" m_ty="-256.562500"/>
  </frame>
  <frame idx="175" w="486" h="520" x="3.000000" y="-60.541656">
   <element name="doghouse" layername="tes" frame="0" z_index="5" m_a="1.000000" m_b="0.000000" m_c="0.000000" m_d="0.895833" m_tx="-219.000000" m_ty="-266.135406"/>
  </frame>
  <frame idx="200" w="486" h="536" x="3.000000" y="-65.333359">
   <element name="doghouse" layername="tes" frame="0" z_index="5" m_a="1.000000" m_b="0.000000" m_c="0.000000" m_d="0.916667" m_tx="-219.000000" m_ty="-275.708344"/>
  </frame>
  <frame idx="225" w="486" h="552" x="3.000000" y="-70.125000">
   <element name="doghouse" layername="tes" frame="0" z_index="5" m_a="1.000000" m_b="0.000000" m_c="0.000000" m_d="0.937500" m_tx="-219.000000" m_ty="-285.281250"/>
  </frame>
  <frame idx="250" w="486" h="567" x="3.000000" y="-74.916626">
   <element name="doghouse" layername="tes" frame="0" z_index="5" m_a="1.000000" m_b="0.000000" m_c="0.000000" m_d="0.958333" m_tx="-219.000000" m_ty="-294.854156"/>
  </frame>
  <frame idx="275" w="486" h="583" x="3.000000" y="-79.708389">
   <element name="doghouse" layername="tes" frame="0" z_index="5" m_a="1.000000" m_b="0.000000" m_c="0.000000" m_d="0.979167" m_tx="-219.000000" m_ty="-304.427094"/>
  </frame>
 </anim>
 <anim name="placer" root="rushound_doghouse" numframes="1000" framerate="40">
  <frame idx="0" w="486" h="599" x="3.000000" y="-84.500000">
   <element name="doghouse" layername="tes" frame="0" z_index="5" m_a="1.000000" m_b="0.000000" m_c="0.000000" m_d="1.000000" m_tx="-219.000000" m_ty="-314.000000"/>
  </frame>
  <frame idx="25" w="486" h="599" x="3.000000" y="-84.500000">
   <element name="doghouse" layername="tes" frame="0" z_index="5" m_a="1.000000" m_b="0.000000" m_c="0.000000" m_d="1.000000" m_tx="-219.000000" m_ty="-314.000000"/>
  </frame>
  <frame idx="50" w="486" h="599" x="3.000000" y="-84.500000">
   <element name="doghouse" layername="tes" frame="0" z_index="5" m_a="1.000000" m_b="0.000000" m_c="0.000000" m_d="1.000000" m_tx="-219.000000" m_ty="-314.000000"/>
  </frame>
  <frame idx="75" w="486" h="599" x="3.000000" y="-84.500000">
   <element name="doghouse" layername="tes" frame="0" z_index="5" m_a="1.000000" m_b="0.000000" m_c="0.000000" m_d="1.000000" m_tx="-219.000000" m_ty="-314.000000"/>
  </frame>
  <frame idx="100" w="486" h="599" x="3.000000" y="-84.500000">
   <element name="doghouse" layername="tes" frame="0" z_index="5" m_a="1.000000" m_b="0.000000" m_c="0.000000" m_d="1.000000" m_tx="-219.000000" m_ty="-314.000000"/>
  </frame>
  <frame idx="125" w="486" h="599" x="3.000000" y="-84.500000">
   <element name="doghouse" layername="tes" frame="0" z_index="5" m_a="1.000000" m_b="0.000000" m_c="0.000000" m_d="1.000000" m_tx="-219.000000" m_ty="-314.000000"/>
  </frame>
  <frame idx="150" w="486" h="599" x="3.000000" y="-84.500000">
   <element name="doghouse" layername="tes" frame="0" z_index="5" m_a="1.000000" m_b="0.000000" m_c="0.000000" m_d="1.000000" m_tx="-219.000000" m_ty="-314.000000"/>
  </frame>
  <frame idx="175" w="486" h="599" x="3.000000" y="-84.500000">
   <element name="doghouse" layername="tes" frame="0" z_index="5" m_a="1.000000" m_b="0.000000" m_c="0.000000" m_d="1.000000" m_tx="-219.000000" m_ty="-314.000000"/>
  </frame>
  <frame idx="200" w="486" h="599" x="3.000000" y="-84.500000">
   <element name="doghouse" layername="tes" frame="0" z_index="5" m_a="1.000000" m_b="0.000000" m_c="0.000000" m_d="1.000000" m_tx="-219.000000" m_ty="-314.000000"/>
  </frame>
  <frame idx="225" w="486" h="599" x="3.000000" y="-84.500000">
   <element name="doghouse" layername="tes" frame="0" z_index="5" m_a="1.000000" m_b="0.000000" m_c="0.000000" m_d="1.000000" m_tx="-219.000000" m_ty="-314.000000"/>
  </frame>
  <frame idx="250" w="486" h="599" x="3.000000" y="-84.500000">
   <element name="doghouse" layername="tes" frame="0" z_index="5" m_a="1.000000" m_b="0.000000" m_c="0.000000" m_d="1.000000" m_tx="-219.000000" m_ty="-314.000000"/>
  </frame>
  <frame idx="275" w="486" h="599" x="3.000000" y="-84.500000">
   <element name="doghouse" layername="tes" frame="0" z_index="5" m_a="1.000000" m_b="0.000000" m_c="0.000000" m_d="1.000000" m_tx="-219.000000" m_ty="-314.000000"/>
  </frame>
  <frame idx="300" w="486" h="599" x="3.000000" y="-84.500000">
   <element name="doghouse" layername="tes" frame="0" z_index="5" m_a="1.000000" m_b="0.000000" m_c="0.000000" m_d="1.000000" m_tx="-219.000000" m_ty="-314.000000"/>
  </frame>
  <frame idx="325" w="486" h="599" x="3.000000" y="-84.500000">
   <element name="doghouse" layername="tes" frame="0" z_index="5" m_a="1.000000" m_b="0.000000" m_c="0.000000" m_d="1.000000" m_tx="-219.000000" m_ty="-314.000000"/>
  </frame>
  <frame idx="350" w="486" h="599" x="3.000000" y="-84.500000">
   <element name="doghouse" layername="tes" frame="0" z_index="5" m_a="1.000000" m_b="0.000000" m_c="0.000000" m_d="1.000000" m_tx="-219.000000" m_ty="-314.000000"/>
  </frame>
  <frame idx="375" w="486" h="599" x="3.000000" y="-84.500000">
   <element name="doghouse" layername="tes" frame="0" z_index="5" m_a="1.000000" m_b="0.000000" m_c="0.000000" m_d="1.000000" m_tx="-219.000000" m_ty="-314.000000"/>
  </frame>
  <frame idx="400" w="486" h="599" x="3.000000" y="-84.500000">
   <element name="doghouse" layername="tes" frame="0" z_index="5" m_a="1.000000" m_b="0.000000" m_c="0.000000" m_d="1.000000" m_tx="-219.000000" m_ty="-314.000000"/>
  </frame>
  <frame idx="425" w="486" h="599" x="3.000000" y="-84.500000">
   <element name="doghouse" layername="tes" frame="0" z_index="5" m_a="1.000000" m_b="0.000000" m_c="0.000000" m_d="1.000000" m_tx="-219.000000" m_ty="-314.000000"/>
  </frame>
  <frame idx="450" w="486" h="599" x="3.000000" y="-84.500000">
   <element name="doghouse" layername="tes" frame="0" z_index="5" m_a="1.000000" m_b="0.000000" m_c="0.000000" m_d="1.000000" m_tx="-219.000000" m_ty="-314.000000"/>
  </frame>
  <frame idx="475" w="486" h="599" x="3.000000" y="-84.500000">
   <element name="doghouse" layername="tes" frame="0" z_index="5" m_a="1.000000" m_b="0.000000" m_c="0.000000" m_d="1.000000" m_tx="-219.000000" m_ty="-314.000000"/>
  </frame>
  <frame idx="500" w="486" h="599" x="3.000000" y="-84.500000">
   <element name="doghouse" layername="tes" frame="0" z_index="5" m_a="1.000000" m_b="0.000000" m_c="0.000000" m_d="1.000000" m_tx="-219.000000" m_ty="-314.000000"/>
  </frame>
  <frame idx="525" w="486" h="599" x="3.000000" y="-84.500000">
   <element name="doghouse" layername="tes" frame="0" z_index="5" m_a="1.000000" m_b="0.000000" m_c="0.000000" m_d="1.000000" m_tx="-219.000000" m_ty="-314.000000"/>
  </frame>
  <frame idx="550" w="486" h="599" x="3.000000" y="-84.500000">
   <element name="doghouse" layername="tes" frame="0" z_index="5" m_a="1.000000" m_b="0.000000" m_c="0.000000" m_d="1.000000" m_tx="-219.000000" m_ty="-314.000000"/>
  </frame>
  <frame idx="575" w="486" h="599" x="3.000000" y="-84.500000">
   <element name="doghouse" layername="tes" frame="0" z_index="5" m_a="1.000000" m_b="0.000000" m_c="0.000000" m_d="1.000000" m_tx="-219.000000" m_ty="-314.000000"/>
  </frame>
  <frame idx="600" w="486" h="599" x="3.000000" y="-84.500000">
   <element name="doghouse" layername="tes" frame="0" z_index="5" m_a="1.000000" m_b="0.000000" m_c="0.000000" m_d="1.000000" m_tx="-219.000000" m_ty="-314.000000"/>
  </frame>
  <frame idx="625" w="486" h="599" x="3.000000" y="-84.500000">
   <element name="doghouse" layername="tes" frame="0" z_index="5" m_a="1.000000" m_b="0.000000" m_c="0.000000" m_d="1.000000" m_tx="-219.000000" m_ty="-314.000000"/>
  </frame>
  <frame idx="650" w="486" h="599" x="3.000000" y="-84.500000">
   <element name="doghouse" layername="tes" frame="0" z_index="5" m_a="1.000000" m_b="0.000000" m_c="0.000000" m_d="1.000000" m_tx="-219.000000" m_ty="-314.000000"/>
  </frame>
  <frame idx="675" w="486" h="599" x="3.000000" y="-84.500000">
   <element name="doghouse" layername="tes" frame="0" z_index="5" m_a="1.000000" m_b="0.000000" m_c="0.000000" m_d="1.000000" m_tx="-219.000000" m_ty="-314.000000"/>
  </frame>
  <frame idx="700" w="486" h="599" x="3.000000" y="-84.500000">
   <element name="doghouse" layername="tes" frame="0" z_index="5" m_a="1.000000" m_b="0.000000" m_c="0.000000" m_d="1.000000" m_tx="-219.000000" m_ty="-314.000000"/>
  </frame>
  <frame idx="725" w="486" h="599" x="3.000000" y="-84.500000">
   <element name="doghouse" layername="tes" frame="0" z_index="5" m_a="1.000000" m_b="0.000000" m_c="0.000000" m_d="1.000000" m_tx="-219.000000" m_ty="-314.000000"/>
  </frame>
  <frame idx="750" w="486" h="599" x="3.000000" y="-84.500000">
   <element name="doghouse" layername="tes" frame="0" z_index="5" m_a="1.000000" m_b="0.000000" m_c="0.000000" m_d="1.000000" m_tx="-219.000000" m_ty="-314.000000"/>
  </frame>
  <frame idx="775" w="486" h="599" x="3.000000" y="-84.500000">
   <element name="doghouse" layername="tes" frame="0" z_index="5" m_a="1.000000" m_b="0.000000" m_c="0.000000" m_d="1.000000" m_tx="-219.000000" m_ty="-314.000000"/>
  </frame>
  <frame idx="800" w="486" h="599" x="3.000000" y="-84.500000">
   <element name="doghouse" layername="tes" frame="0" z_index="5" m_a="1.000000" m_b="0.000000" m_c="0.000000" m_d="1.000000" m_tx="-219.000000" m_ty="-314.000000"/>
  </frame>
  <frame idx="825" w="486" h="599" x="3.000000" y="-84.500000">
   <element name="doghouse" layername="tes" frame="0" z_index="5" m_a="1.000000" m_b="0.000000" m_c="0.000000" m_d="1.000000" m_tx="-219.000000" m_ty="-314.000000"/>
  </frame>
  <frame idx="850" w="486" h="599" x="3.000000" y="-84.500000">
   <element name="doghouse" layername="tes" frame="0" z_index="5" m_a="1.000000" m_b="0.000000" m_c="0.000000" m_d="1.000000" m_tx="-219.000000" m_ty="-314.000000"/>
  </frame>
  <frame idx="875" w="486" h="599" x="3.000000" y="-84.500000">
   <element name="doghouse" layername="tes" frame="0" z_index="5" m_a="1.000000" m_b="0.000000" m_c="0.000000" m_d="1.000000" m_tx="-219.000000" m_ty="-314.000000"/>
  </frame>
  <frame idx="900" w="486" h="599" x="3.000000" y="-84.500000">
   <element name="doghouse" layername="tes" frame="0" z_index="5" m_a="1.000000" m_b="0.000000" m_c="0.000000" m_d="1.000000" m_tx="-219.000000" m_ty="-314.000000"/>
  </frame>
  <frame idx="925" w="486" h="599" x="3.000000" y="-84.500000">
   <element name="doghouse" layername="tes" frame="0" z_index="5" m_a="1.000000" m_b="0.000000" m_c="0.000000" m_d="1.000000" m_tx="-219.000000" m_ty="-314.000000"/>
  </frame>
  <frame idx="950" w="486" h="599" x="3.000000" y="-84.500000">
   <element name="doghouse" layername="tes" frame="0" z_index="5" m_a="1.000000" m_b="0.000000" m_c="0.000000" m_d="1.000000" m_tx="-219.000000" m_ty="-314.000000"/>
  </frame>
  <frame idx="975" w="486" h="599" x="3.000000" y="-84.500000">
   <element name="doghouse" layername="tes" frame="0" z_index="5" m_a="1.000000" m_b="0.000000" m_c="0.000000" m_d="1.000000" m_tx="-219.000000" m_ty="-314.000000"/>
  </frame>
 </anim>
 <anim name="place" root="rushound_doghouse" numframes="1000" framerate="40">
  <frame idx="0" w="486" h="599" x="3.000000" y="-84.500000">
   <element name="doghouse" layername="tes" frame="0" z_index="5" m_a="1.000000" m_b="0.000000" m_c="0.000000" m_d="1.000000" m_tx="-219.000000" m_ty="-314.000000"/>
  </frame>
  <frame idx="25" w="486" h="599" x="3.000000" y="-84.500000">
   <element name="doghouse" layername="tes" frame="0" z_index="5" m_a="1.000000" m_b="0.000000" m_c="0.000000" m_d="1.000000" m_tx="-219.000000" m_ty="-314.000000"/>
  </frame>
  <frame idx="50" w="486" h="599" x="3.000000" y="-84.500000">
   <element name="doghouse" layername="tes" frame="0" z_index="5" m_a="1.000000" m_b="0.000000" m_c="0.000000" m_d="1.000000" m_tx="-219.000000" m_ty="-314.000000"/>
  </frame>
  <frame idx="75" w="486" h="599" x="3.000000" y="-84.500000">
   <element name="doghouse" layername="tes" frame="0" z_index="5" m_a="1.000000" m_b="0.000000" m_c="0.000000" m_d="1.000000" m_tx="-219.000000" m_ty="-314.000000"/>
  </frame>
  <frame idx="100" w="486" h="599" x="3.000000" y="-84.500000">
   <element name="doghouse" layername="tes" frame="0" z_index="5" m_a="1.000000" m_b="0.000000" m_c="0.000000" m_d="1.000000" m_tx="-219.000000" m_ty="-314.000000"/>
  </frame>
  <frame idx="125" w="486" h="599" x="3.000000" y="-84.500000">
   <element name="doghouse" layername="tes" frame="0" z_index="5" m_a="1.000000" m_b="0.000000" m_c="0.000000" m_d="1.000000" m_tx="-219.000000" m_ty="-314.000000"/>
  </frame>
  <frame idx="150" w="486" h="599" x="3.000000" y="-84.500000">
   <element name="doghouse" layername="tes" frame="0" z_index="5" m_a="1.000000" m_b="0.000000" m_c="0.000000" m_d="1.000000" m_tx="-219.000000" m_ty="-314.000000"/>
  </frame>
  <frame idx="175" w="486" h="599" x="3.000000" y="-84.500000">
   <element name="doghouse" layername="tes" frame="0" z_index="5" m_a="1.000000" m_b="0.000000" m_c="0.000000" m_d="1.000000" m_tx="-219.000000" m_ty="-314.000000"/>
  </frame>
  <frame idx="200" w="486" h="599" x="3.000000" y="-84.500000">
   <element name="doghouse" layername="tes" frame="0" z_index="5" m_a="1.000000" m_b="0.000000" m_c="0.000000" m_d="1.000000" m_tx="-219.000000" m_ty="-314.000000"/>
  </frame>
  <frame idx="225" w="486" h="599" x="3.000000" y="-84.500000">
   <element name="doghouse" layername="tes" frame="0" z_index="5" m_a="1.000000" m_b="0.000000" m_c="0.000000" m_d="1.000000" m_tx="-219.000000" m_ty="-314.000000"/>
  </frame>
  <frame idx="250" w="486" h="599" x="3.000000" y="-84.500000">
   <element name="doghouse" layername="tes" frame="0" z_index="5" m_a="1.000000" m_b="0.000000" m_c="0.000000" m_d="1.000000" m_tx="-219.000000" m_ty="-314.000000"/>
  </frame>
  <frame idx="275" w="486" h="599" x="3.000000" y="-84.500000">
   <element name="doghouse" layername="tes" frame="0" z_index="5" m_a="1.000000" m_b="0.000000" m_c="0.000000" m_d="1.000000" m_tx="-219.000000" m_ty="-314.000000"/>
  </frame>
  <frame idx="300" w="486" h="599" x="3.000000" y="-84.500000">
   <element name="doghouse" layername="tes" frame="0" z_index="5" m_a="1.000000" m_b="0.000000" m_c="0.000000" m_d="1.000000" m_tx="-219.000000" m_ty="-314.000000"/>
  </frame>
  <frame idx="325" w="486" h="599" x="3.000000" y="-84.500000">
   <element name="doghouse" layername="tes" frame="0" z_index="5" m_a="1.000000" m_b="0.000000" m_c="0.000000" m_d="1.000000" m_tx="-219.000000" m_ty="-314.000000"/>
  </frame>
  <frame idx="350" w="486" h="599" x="3.000000" y="-84.500000">
   <element name="doghouse" layername="tes" frame="0" z_index="5" m_a="1.000000" m_b="0.000000" m_c="0.000000" m_d="1.000000" m_tx="-219.000000" m_ty="-314.000000"/>
  </frame>
  <frame idx="375" w="486" h="599" x="3.000000" y="-84.500000">
   <element name="doghouse" layername="tes" frame="0" z_index="5" m_a="1.000000" m_b="0.000000" m_c="0.000000" m_d="1.000000" m_tx="-219.000000" m_ty="-314.000000"/>
  </frame>
  <frame idx="400" w="486" h="599" x="3.000000" y="-84.500000">
   <element name="doghouse" layername="tes" frame="0" z_index="5" m_a="1.000000" m_b="0.000000" m_c="0.000000" m_d="1.000000" m_tx="-219.000000" m_ty="-314.000000"/>
  </frame>
  <frame idx="425" w="486" h="599" x="3.000000" y="-84.500000">
   <element name="doghouse" layername="tes" frame="0" z_index="5" m_a="1.000000" m_b="0.000000" m_c="0.000000" m_d="1.000000" m_tx="-219.000000" m_ty="-314.000000"/>
  </frame>
  <frame idx="450" w="486" h="599" x="3.000000" y="-84.500000">
   <element name="doghouse" layername="tes" frame="0" z_index="5" m_a="1.000000" m_b="0.000000" m_c="0.000000" m_d="1.000000" m_tx="-219.000000" m_ty="-314.000000"/>
  </frame>
  <frame idx="475" w="486" h="599" x="3.000000" y="-84.500000">
   <element name="doghouse" layername="tes" frame="0" z_index="5" m_a="1.000000" m_b="0.000000" m_c="0.000000" m_d="1.000000" m_tx="-219.000000" m_ty="-314.000000"/>
  </frame>
  <frame idx="500" w="486" h="599" x="3.000000" y="-84.500000">
   <element name="doghouse" layername="tes" frame="0" z_index="5" m_a="1.000000" m_b="0.000000" m_c="0.000000" m_d="1.000000" m_tx="-219.000000" m_ty="-314.000000"/>
  </frame>
  <frame idx="525" w="486" h="599" x="3.000000" y="-84.500000">
   <element name="doghouse" layername="tes" frame="0" z_index="5" m_a="1.000000" m_b="0.000000" m_c="0.000000" m_d="1.000000" m_tx="-219.000000" m_ty="-314.000000"/>
  </frame>
  <frame idx="550" w="486" h="599" x="3.000000" y="-84.500000">
   <element name="doghouse" layername="tes" frame="0" z_index="5" m_a="1.000000" m_b="0.000000" m_c="0.000000" m_d="1.000000" m_tx="-219.000000" m_ty="-314.000000"/>
  </frame>
  <frame idx="575" w="486" h="599" x="3.000000" y="-84.500000">
   <element name="doghouse" layername="tes" frame="0" z_index="5" m_a="1.000000" m_b="0.000000" m_c="0.000000" m_d="1.000000" m_tx="-219.000000" m_ty="-314.000000"/>
  </frame>
  <frame idx="600" w="486" h="599" x="3.000000" y="-84.500000">
   <element name="doghouse" layername="tes" frame="0" z_index="5" m_a="1.000000" m_b="0.000000" m_c="0.000000" m_d="1.000000" m_tx="-219.000000" m_ty="-314.000000"/>
  </frame>
  <frame idx="625" w="486" h="599" x="3.000000" y="-84.500000">
   <element name="doghouse" layername="tes" frame="0" z_index="5" m_a="1.000000" m_b="0.000000" m_c="0.000000" m_d="1.000000" m_tx="-219.000000" m_ty="-314.000000"/>
  </frame>
  <frame idx="650" w="486" h="599" x="3.000000" y="-84.500000">
   <element name="doghouse" layername="tes" frame="0" z_index="5" m_a="1.000000" m_b="0.000000" m_c="0.000000" m_d="1.000000" m_tx="-219.000000" m_ty="-314.000000"/>
  </frame>
  <frame idx="675" w="486" h="599" x="3.000000" y="-84.500000">
   <element name="doghouse" layername="tes" frame="0" z_index="5" m_a="1.000000" m_b="0.000000" m_c="0.000000" m_d="1.000000" m_tx="-219.000000" m_ty="-314.000000"/>
  </frame>
  <frame idx="700" w="486" h="599" x="3.000000" y="-84.500000">
   <element name="doghouse" layername="tes" frame="0" z_index="5" m_a="1.000000" m_b="0.000000" m_c="0.000000" m_d="1.000000" m_tx="-219.000000" m_ty="-314.000000"/>
  </frame>
  <frame idx="725" w="486" h="599" x="3.000000" y="-84.500000">
   <element name="doghouse" layername="tes" frame="0" z_index="5" m_a="1.000000" m_b="0.000000" m_c="0.000000" m_d="1.000000" m_tx="-219.000000" m_ty="-314.000000"/>
  </frame>
  <frame idx="750" w="486" h="599" x="3.000000" y="-84.500000">
   <element name="doghouse" layername="tes" frame="0" z_index="5" m_a="1.000000" m_b="0.000000" m_c="0.000000" m_d="1.000000" m_tx="-219.000000" m_ty="-314.000000"/>
  </frame>
  <frame idx="775" w="486" h="599" x="3.000000" y="-84.500000">
   <element name="doghouse" layername="tes" frame="0" z_index="5" m_a="1.000000" m_b="0.000000" m_c="0.000000" m_d="1.000000" m_tx="-219.000000" m_ty="-314.000000"/>
  </frame>
  <frame idx="800" w="486" h="599" x="3.000000" y="-84.500000">
   <element name="doghouse" layername="tes" frame="0" z_index="5" m_a="1.000000" m_b="0.000000" m_c="0.000000" m_d="1.000000" m_tx="-219.000000" m_ty="-314.000000"/>
  </frame>
  <frame idx="825" w="486" h="599" x="3.000000" y="-84.500000">
   <element name="doghouse" layername="tes" frame="0" z_index="5" m_a="1.000000" m_b="0.000000" m_c="0.000000" m_d="1.000000" m_tx="-219.000000" m_ty="-314.000000"/>
  </frame>
  <frame idx="850" w="486" h="599" x="3.000000" y="-84.500000">
   <element name="doghouse" layername="tes" frame="0" z_index="5" m_a="1.000000" m_b="0.000000" m_c="0.000000" m_d="1.000000" m_tx="-219.000000" m_ty="-314.000000"/>
  </frame>
  <frame idx="875" w="486" h="599" x="3.000000" y="-84.500000">
   <element name="doghouse" layername="tes" frame="0" z_index="5" m_a="1.000000" m_b="0.000000" m_c="0.000000" m_d="1.000000" m_tx="-219.000000" m_ty="-314.000000"/>
  </frame>
  <frame idx="900" w="486" h="599" x="3.000000" y="-84.500000">
   <element name="doghouse" layername="tes" frame="0" z_index="5" m_a="1.000000" m_b="0.000000" m_c="0.000000" m_d="1.000000" m_tx="-219.000000" m_ty="-314.000000"/>
  </frame>
  <frame idx="925" w="486" h="599" x="3.000000" y="-84.500000">
   <element name="doghouse" layername="tes" frame="0" z_index="5" m_a="1.000000" m_b="0.000000" m_c="0.000000" m_d="1.000000" m_tx="-219.000000" m_ty="-314.000000"/>
  </frame>
  <frame idx="950" w="486" h="599" x="3.000000" y="-84.500000">
   <element name="doghouse" layername="tes" frame="0" z_index="5" m_a="1.000000" m_b="0.000000" m_c="0.000000" m_d="1.000000" m_tx="-219.000000" m_ty="-314.000000"/>
  </frame>
  <frame idx="975" w="486" h="599" x="3.000000" y="-84.500000">
   <element name="doghouse" layername="tes" frame="0" z_index="5" m_a="1.000000" m_b="0.000000" m_c="0.000000" m_d="1.000000" m_tx="-219.000000" m_ty="-314.000000"/>
  </frame>
 </anim>
 <anim name="burnt" root="rushound_doghouse" numframes="1000" framerate="40">
  <frame idx="0" w="484" h="319" x="-0.743912" y="-16.547333">
   <element name="doghouse" layername="tes" frame="0" z_index="5" m_a="0.987640" m_b="0.000000" m_c="0.000000" m_d="0.594565" m_tx="-220.000000" m_ty="-153.000000"/>
  </frame>
  <frame idx="25" w="484" h="319" x="-0.743912" y="-16.547333">
   <element name="doghouse" layername="tes" frame="0" z_index="5" m_a="0.987640" m_b="0.000000" m_c="0.000000" m_d="0.594565" m_tx="-220.000000" m_ty="-153.000000"/>
  </frame>
  <frame idx="50" w="484" h="319" x="-0.743912" y="-16.547333">
   <element name="doghouse" layername="tes" frame="0" z_index="5" m_a="0.987640" m_b="0.000000" m_c="0.000000" m_d="0.594565" m_tx="-220.000000" m_ty="-153.000000"/>
  </frame>
  <frame idx="75" w="484" h="319" x="-0.743912" y="-16.547333">
   <element name="doghouse" layername="tes" frame="0" z_index="5" m_a="0.987640" m_b="0.000000" m_c="0.000000" m_d="0.594565" m_tx="-220.000000" m_ty="-153.000000"/>
  </frame>
  <frame idx="100" w="484" h="319" x="-0.743912" y="-16.547333">
   <element name="doghouse" layername="tes" frame="0" z_index="5" m_a="0.987640" m_b="0.000000" m_c="0.000000" m_d="0.594565" m_tx="-220.000000" m_ty="-153.000000"/>
  </frame>
  <frame idx="125" w="484" h="319" x="-0.743912" y="-16.547333">
   <element name="doghouse" layername="tes" frame="0" z_index="5" m_a="0.987640" m_b="0.000000" m_c="0.000000" m_d="0.594565" m_tx="-220.000000" m_ty="-153.000000"/>
  </frame>
  <frame idx="150" w="484" h="319" x="-0.743912" y="-16.547333">
   <element name="doghouse" layername="tes" frame="0" z_index="5" m_a="0.987640" m_b="0.000000" m_c="0.000000" m_d="0.594565" m_tx="-220.000000" m_ty="-153.000000"/>
  </frame>
  <frame idx="175" w="484" h="319" x="-0.743912" y="-16.547333">
   <element name="doghouse" layername="tes" frame="0" z_index="5" m_a="0.987640" m_b="0.000000" m_c="0.000000" m_d="0.594565" m_tx="-220.000000" m_ty="-153.000000"/>
  </frame>
  <frame idx="200" w="484" h="319" x="-0.743912" y="-16.547333">
   <element name="doghouse" layername="tes" frame="0" z_index="5" m_a="0.987640" m_b="0.000000" m_c="0.000000" m_d="0.594565" m_tx="-220.000000" m_ty="-153.000000"/>
  </frame>
  <frame idx="225" w="484" h="319" x="-0.743912" y="-16.547333">
   <element name="doghouse" layername="tes" frame="0" z_index="5" m_a="0.987640" m_b="0.000000" m_c="0.000000" m_d="0.594565" m_tx="-220.000000" m_ty="-153.000000"/>
  </frame>
  <frame idx="250" w="484" h="319" x="-0.743912" y="-16.547333">
   <element name="doghouse" layername="tes" frame="0" z_index="5" m_a="0.987640" m_b="0.000000" m_c="0.000000" m_d="0.594565" m_tx="-220.000000" m_ty="-153.000000"/>
  </frame>
  <frame idx="275" w="484" h="319" x="-0.743912" y="-16.547333">
   <element name="doghouse" layername="tes" frame="0" z_index="5" m_a="0.987640" m_b="0.000000" m_c="0.000000" m_d="0.594565" m_tx="-220.000000" m_ty="-153.000000"/>
  </frame>
  <frame idx="300" w="484" h="319" x="-0.743912" y="-16.547333">
   <element name="doghouse" layername="tes" frame="0" z_index="5" m_a="0.987640" m_b="0.000000" m_c="0.000000" m_d="0.594565" m_tx="-220.000000" m_ty="-153.000000"/>
  </frame>
  <frame idx="325" w="484" h="319" x="-0.743912" y="-16.547333">
   <element name="doghouse" layername="tes" frame="0" z_index="5" m_a="0.987640" m_b="0.000000" m_c="0.000000" m_d="0.594565" m_tx="-220.000000" m_ty="-153.000000"/>
  </frame>
  <frame idx="350" w="484" h="319" x="-0.743912" y="-16.547333">
   <element name="doghouse" layername="tes" frame="0" z_index="5" m_a="0.987640" m_b="0.000000" m_c="0.000000" m_d="0.594565" m_tx="-220.000000" m_ty="-153.000000"/>
  </frame>
  <frame idx="375" w="484" h="319" x="-0.743912" y="-16.547333">
   <element name="doghouse" layername="tes" frame="0" z_index="5" m_a="0.987640" m_b="0.000000" m_c="0.000000" m_d="0.594565" m_tx="-220.000000" m_ty="-153.000000"/>
  </frame>
  <frame idx="400" w="484" h="319" x="-0.743912" y="-16.547333">
   <element name="doghouse" layername="tes" frame="0" z_index="5" m_a="0.987640" m_b="0.000000" m_c="0.000000" m_d="0.594565" m_tx="-220.000000" m_ty="-153.000000"/>
  </frame>
  <frame idx="425" w="484" h="319" x="-0.743912" y="-16.547333">
   <element name="doghouse" layername="tes" frame="0" z_index="5" m_a="0.987640" m_b="0.000000" m_c="0.000000" m_d="0.594565" m_tx="-220.000000" m_ty="-153.000000"/>
  </frame>
  <frame idx="450" w="484" h="319" x="-0.743912" y="-16.547333">
   <element name="doghouse" layername="tes" frame="0" z_index="5" m_a="0.987640" m_b="0.000000" m_c="0.000000" m_d="0.594565" m_tx="-220.000000" m_ty="-153.000000"/>
  </frame>
  <frame idx="475" w="484" h="319" x="-0.743912" y="-16.547333">
   <element name="doghouse" layername="tes" frame="0" z_index="5" m_a="0.987640" m_b="0.000000" m_c="0.000000" m_d="0.594565" m_tx="-220.000000" m_ty="-153.000000"/>
  </frame>
  <frame idx="500" w="484" h="319" x="-0.743912" y="-16.547333">
   <element name="doghouse" layername="tes" frame="0" z_index="5" m_a="0.987640" m_b="0.000000" m_c="0.000000" m_d="0.594565" m_tx="-220.000000" m_ty="-153.000000"/>
  </frame>
  <frame idx="525" w="484" h="319" x="-0.743912" y="-16.547333">
   <element name="doghouse" layername="tes" frame="0" z_index="5" m_a="0.987640" m_b="0.000000" m_c="0.000000" m_d="0.594565" m_tx="-220.000000" m_ty="-153.000000"/>
  </frame>
  <frame idx="550" w="484" h="319" x="-0.743912" y="-16.547333">
   <element name="doghouse" layername="tes" frame="0" z_index="5" m_a="0.987640" m_b="0.000000" m_c="0.000000" m_d="0.594565" m_tx="-220.000000" m_ty="-153.000000"/>
  </frame>
  <frame idx="575" w="484" h="319" x="-0.743912" y="-16.547333">
   <element name="doghouse" layername="tes" frame="0" z_index="5" m_a="0.987640" m_b="0.000000" m_c="0.000000" m_d="0.594565" m_tx="-220.000000" m_ty="-153.000000"/>
  </frame>
  <frame idx="600" w="484" h="319" x="-0.743912" y="-16.547333">
   <element name="doghouse" layername="tes" frame="0" z_index="5" m_a="0.987640" m_b="0.000000" m_c="0.000000" m_d="0.594565" m_tx="-220.000000" m_ty="-153.000000"/>
  </frame>
  <frame idx="625" w="484" h="319" x="-0.743912" y="-16.547333">
   <element name="doghouse" layername="tes" frame="0" z_index="5" m_a="0.987640" m_b="0.000000" m_c="0.000000" m_d="0.594565" m_tx="-220.000000" m_ty="-153.000000"/>
  </frame>
  <frame idx="650" w="484" h="319" x="-0.743912" y="-16.547333">
   <element name="doghouse" layername="tes" frame="0" z_index="5" m_a="0.987640" m_b="0.000000" m_c="0.000000" m_d="0.594565" m_tx="-220.000000" m_ty="-153.000000"/>
  </frame>
  <frame idx="675" w="484" h="319" x="-0.743912" y="-16.547333">
   <element name="doghouse" layername="tes" frame="0" z_index="5" m_a="0.987640" m_b="0.000000" m_c="0.000000" m_d="0.594565" m_tx="-220.000000" m_ty="-153.000000"/>
  </frame>
  <frame idx="700" w="484" h="319" x="-0.743912" y="-16.547333">
   <element name="doghouse" layername="tes" frame="0" z_index="5" m_a="0.987640" m_b="0.000000" m_c="0.000000" m_d="0.594565" m_tx="-220.000000" m_ty="-153.000000"/>
  </frame>
  <frame idx="725" w="484" h="319" x="-0.743912" y="-16.547333">
   <element name="doghouse" layername="tes" frame="0" z_index="5" m_a="0.987640" m_b="0.000000" m_c="0.000000" m_d="0.594565" m_tx="-220.000000" m_ty="-153.000000"/>
  </frame>
  <frame idx="750" w="484" h="319" x="-0.743912" y="-16.547333">
   <element name="doghouse" layername="tes" frame="0" z_index="5" m_a="0.987640" m_b="0.000000" m_c="0.000000" m_d="0.594565" m_tx="-220.000000" m_ty="-153.000000"/>
  </frame>
  <frame idx="775" w="484" h="319" x="-0.743912" y="-16.547333">
   <element name="doghouse" layername="tes" frame="0" z_index="5" m_a="0.987640" m_b="0.000000" m_c="0.000000" m_d="0.594565" m_tx="-220.000000" m_ty="-153.000000"/>
  </frame>
  <frame idx="800" w="484" h="319" x="-0.743912" y="-16.547333">
   <element name="doghouse" layername="tes" frame="0" z_index="5" m_a="0.987640" m_b="0.000000" m_c="0.000000" m_d="0.594565" m_tx="-220.000000" m_ty="-153.000000"/>
  </frame>
  <frame idx="825" w="484" h="319" x="-0.743912" y="-16.547333">
   <element name="doghouse" layername="tes" frame="0" z_index="5" m_a="0.987640" m_b="0.000000" m_c="0.000000" m_d="0.594565" m_tx="-220.000000" m_ty="-153.000000"/>
  </frame>
  <frame idx="850" w="484" h="319" x="-0.743912" y="-16.547333">
   <element name="doghouse" layername="tes" frame="0" z_index="5" m_a="0.987640" m_b="0.000000" m_c="0.000000" m_d="0.594565" m_tx="-220.000000" m_ty="-153.000000"/>
  </frame>
  <frame idx="875" w="484" h="319" x="-0.743912" y="-16.547333">
   <element name="doghouse" layername="tes" frame="0" z_index="5" m_a="0.987640" m_b="0.000000" m_c="0.000000" m_d="0.594565" m_tx="-220.000000" m_ty="-153.000000"/>
  </frame>
  <frame idx="900" w="484" h="319" x="-0.743912" y="-16.547333">
   <element name="doghouse" layername="tes" frame="0" z_index="5" m_a="0.987640" m_b="0.000000" m_c="0.000000" m_d="0.594565" m_tx="-220.000000" m_ty="-153.000000"/>
  </frame>
  <frame idx="925" w="484" h="319" x="-0.743912" y="-16.547333">
   <element name="doghouse" layername="tes" frame="0" z_index="5" m_a="0.987640" m_b="0.000000" m_c="0.000000" m_d="0.594565" m_tx="-220.000000" m_ty="-153.000000"/>
  </frame>
  <frame idx="950" w="484" h="319" x="-0.743912" y="-16.547333">
   <element name="doghouse" layername="tes" frame="0" z_index="5" m_a="0.987640" m_b="0.000000" m_c="0.000000" m_d="0.594565" m_tx="-220.000000" m_ty="-153.000000"/>
  </frame>
  <frame idx="975" w="484" h="319" x="-0.743912" y="-16.547333">
   <element name="doghouse" layername="tes" frame="0" z_index="5" m_a="0.987640" m_b="0.000000" m_c="0.000000" m_d="0.594565" m_tx="-220.000000" m_ty="-153.000000"/>
  </frame>
 </anim>
</Anims>
